País,ISO,Región,Entrada_2000,Salida_2000,Entrada_2001,Salida_2001,Entrada_2002,Salida_2002,Entrada_2003,Salida_2003,Entrada_2004,Salida_2004,Entrada_2005,Salida_2005,Entrada_2006,Salida_2006,Entrada_2007,Salida_2007,Entrada_2008,Salida_2008,Entrada_2009,Salida_2009,Entrada_2010,Salida_2010,Entrada_2011,Salida_2011,Entrada_2012,Salida_2012,Entrada_2013,Salida_2013,Entrada_2014,Salida_2014,Entrada_2015,Salida_2015,Entrada_2016,Salida_2016,Entrada_2017,Salida_2017,Entrada_2018,Salida_2018,Entrada_2019,Salida_2019,Entrada_2020,Salida_2020,Entrada_2021,Salida_2021,Entrada_2022,Salida_2022,Prom_Entrada_2000_2022,Prom_Salida_2000_2022,Clasificación
Albania,ALB,Europa Occidental,143.0,,207.3,,135.0,,178.04,,341.29,13.6,262.48,4.06,325.14,10.5,652.28,4.91,1247.18,365.94,1345.42,394.65,1089.9,46.39,1048.71,202.09,917.99,83.18,1254.15,28.45,1149.93,75.65,989.58,79.31,1044.39,7.04,1022.76,-106.18,1204.38,-4.51,1201.02,39.98,1069.74,50.1,1218.59,49.94,1441.38,191.51,847.38,80.87,Importador neto
Algeria,DZA,Medio Oriente/Norte África,280.1,13.7,1113.11,9.3,1064.96,98.57,637.85,28.32,884.75,245.45,1156.0,55.0,1841.0,79.0,1686.74,146.99,2638.61,317.85,2746.93,214.42,2300.37,219.23,2571.24,533.92,1500.4,-41.44,1691.89,-271.75,1502.21,-18.57,-537.79,101.12,1638.26,46.54,1230.24,-8.57,1466.12,846.21,1381.2,31.15,1143.92,14.61,869.19,-50.56,241.8,84.59,1349.96,117.18,Importador neto
Argentina,ARG,América del Sur,10418.31,901.03,2166.14,160.88,2148.91,-627.14,1652.01,773.78,4124.71,675.99,5265.25,1311.06,5537.35,2438.72,6473.16,1504.23,9725.55,1390.93,4017.16,711.55,11332.72,964.76,10839.93,1488.0,15323.93,1054.85,9821.66,889.97,5065.34,1920.54,11758.99,875.23,3260.16,1786.53,11516.86,1155.63,11716.77,1725.98,6649.19,1522.73,4884.13,1177.18,6658.05,1543.86,15206.09,2089.84,7633.15,1192.88,Importador neto
Armenia,ARM,Este Europa/Asia Central,104.19,,69.87,,110.73,0.0,122.85,0.61,247.14,-0.12,292.07,5.39,466.53,22.63,667.67,8.89,943.73,30.51,760.04,52.24,529.32,27.46,653.22,219.08,496.64,23.43,346.09,30.26,406.58,28.8,184.13,28.75,333.82,70.52,252.75,29.06,266.86,7.01,100.29,-133.0,58.58,-27.28,366.42,24.59,975.66,49.74,380.66,23.74,Importador neto
Austria,AUT,Europa Occidental,8501.01,5509.49,5689.43,3021.9,138.35,5780.43,6195.02,6859.78,3183.65,8029.9,81096.09,81289.43,10500.46,16087.85,68865.79,79039.91,6301.14,27903.02,14300.06,15558.17,-22007.33,-14327.62,22983.94,38145.28,5218.62,18444.3,-1290.98,11031.0,1708.43,-875.37,-6847.37,-675.73,-28502.57,-27725.54,14031.98,8012.17,-27839.21,-27564.07,-12636.36,-8291.47,-12003.8,2114.33,18998.11,29090.36,14301.5,14413.87,7429.82,12646.58,Exportador neto
Azerbaijan,AZE,Este Europa/Asia Central,129.94,0.76,819.58,593.07,2024.58,957.76,4007.33,1655.58,4719.11,2367.82,4476.4,4017.24,4485.97,5775.44,4594.23,9628.75,3986.81,4527.63,2900.03,2752.85,3353.0,3021.84,4485.12,3552.54,5293.25,4480.84,2619.44,1477.89,4430.47,1987.07,4047.63,3209.38,4499.67,2573.6,2867.49,2564.38,1403.0,1760.88,1503.92,2431.72,507.15,825.28,-1707.67,76.99,-4474.48,172.21,2650.96,2626.59,Importador neto
Bahrain,BHR,Medio Oriente/Norte África,363.56,9.55,80.36,215.96,216.99,190.03,516.7,741.35,865.31,1035.64,1048.6,1135.37,2914.66,980.05,1756.31,1669.15,1794.0,1620.48,257.15,-1791.49,155.77,334.04,780.85,893.62,1544.68,515.96,3727.71,531.65,1518.62,-394.41,64.89,3190.96,243.35,-880.05,1426.06,228.99,1654.26,111.17,941.76,-197.07,1021.28,-205.05,1779.26,64.36,1951.33,1947.87,1157.54,519.48,Importador neto
Bangladesh,BGD,Asia Sur-Este/Pacífico,280.38,2.0,78.53,20.6,52.3,2.64,268.29,2.78,448.91,4.07,813.32,1.94,456.52,3.59,651.03,134.26,1328.42,190.66,901.29,180.83,1232.26,66.44,1264.73,297.43,1584.4,289.06,2602.96,546.88,2539.19,41.77,2831.15,59.9,2332.72,40.52,1810.4,126.74,2421.63,19.21,1908.05,23.06,1525.31,4.81,1723.86,83.18,1601.07,31.6,1332.9,94.52,Importador neto
Belarus,BLR,Este Europa/Asia Central,118.8,0.2,95.8,0.3,247.1,-206.2,171.8,1.5,163.8,1.3,306.6,2.5,357.1,3.0,1807.3,15.2,2187.9,30.6,1876.5,102.3,1393.4,50.6,4002.4,125.5,1463.6,155.5,2246.1,262.2,1862.0,73.4,1652.3,106.6,1246.9,122.9,1276.3,67.8,1426.5,55.2,1273.3,-3.8,1393.2,82.7,1230.72,-79.18,1606.42,180.2,1278.51,50.01,Importador neto
Belgium,BEL,Europa Occidental,88738.71,86361.71,88203.25,100646.09,18118.95,8919.91,34559.27,39066.05,44498.17,34747.35,33662.01,32538.36,58821.55,50131.04,96551.63,83458.03,190391.84,223255.89,77354.51,33339.46,125491.89,66826.89,163624.38,129105.96,11810.27,41494.61,-29640.92,-12369.15,-15205.87,-418.23,-19514.25,7330.13,57538.35,34555.15,-37288.84,-5300.15,-41601.39,-36001.47,-10587.09,-18011.2,-30140.7,-20336.59,33980.66,62417.84,13136.47,34254.79,41413.17,42435.32,Exportador neto
"Bolivia, Plurinational State of",BOL,América del Sur,736.35,2.8,705.76,2.58,676.54,2.6,197.4,2.78,65.43,2.8,-238.62,3.0,280.76,3.0,366.29,3.0,512.34,3.0,423.04,3.0,622.0,-28.81,858.94,0.27,1059.97,,1749.61,,656.57,-33.11,554.64,-1.79,335.37,88.87,712.47,79.69,302.37,-84.47,-216.64,48.31,-1129.49,-111.13,583.58,91.33,6.24,-80.79,427.0,-0.15,Importador neto
Bosnia and Herzegovina,BIH,Europa Occidental,146.08,,118.5,,267.77,,381.78,,889.6,181.28,623.81,16.44,845.96,81.83,1841.97,64.6,1004.85,39.45,138.51,-93.49,443.84,81.18,471.61,-4.83,391.98,59.6,313.3,86.26,544.87,9.96,383.09,94.73,313.2,3.89,509.43,100.76,601.78,18.98,447.88,21.93,483.28,83.18,767.54,91.55,929.44,80.69,559.13,53.58,Importador neto
Bulgaria,BGR,Europa Occidental,1001.5,3.28,812.94,9.66,904.66,28.34,2096.79,26.5,3072.55,193.37,4098.12,93.34,7874.48,291.72,13875.27,972.19,10296.72,1117.48,3896.66,361.25,1842.9,589.25,2103.81,492.37,1788.11,409.98,1989.04,351.54,1093.6,882.36,2221.39,123.22,1488.43,827.02,2007.29,495.77,1809.86,924.35,2221.25,829.11,2801.39,450.87,2133.7,1101.42,4748.51,1714.18,3312.13,534.29,Importador neto
Burundi,BDI,África Subsahariana,11.68,-11.68,-0.01,-0.01,,,,-0.0,0.04,,0.58,,0.03,,0.5,0.04,3.83,0.58,0.35,,0.78,,3.35,,0.6,,116.73,0.17,91.72,0.03,7.44,0.1,0.06,0.66,65.32,-2.68,6.66,,30.28,0.74,21.2,1.14,22.35,1.14,25.25,1.95,19.46,-0.56,Importador neto
Cabo Verde,CPV,África Subsahariana,34.2,1.4,9.01,0.42,14.76,-0.03,39.22,0.85,67.64,,80.51,0.01,131.54,-0.25,191.76,0.35,210.9,-2.83,126.0,1.9,116.2,0.04,102.25,1.41,128.01,11.06,89.3,32.77,180.59,12.45,96.07,-15.92,126.31,7.83,111.71,15.88,103.55,9.33,122.92,15.99,67.62,3.96,91.46,-0.64,122.02,18.59,102.76,5.21,Importador neto
Cambodia,KHM,Asia Sur-Este/Pacífico,118.31,-23.6,146.48,4.37,130.96,-8.12,81.58,7.26,131.42,10.24,379.18,4.28,483.21,8.38,867.29,1.1,815.18,20.49,928.39,18.87,1404.32,20.58,1538.88,29.17,1988.1,36.18,2068.47,62.27,1853.47,82.06,1822.8,87.76,2475.92,79.07,2788.08,114.86,3212.63,123.96,3663.03,101.84,3624.64,127.01,3483.46,92.42,3578.83,150.49,1634.11,50.04,Importador neto
Cameroon,CMR,África Subsahariana,159.71,10.21,-11.67,-49.78,505.26,-132.62,334.89,6.37,67.98,-8.73,243.6,-13.68,59.12,-5.31,189.58,-7.72,21.0,-2.22,746.28,-66.07,536.27,500.98,653.27,187.09,527.36,-282.31,547.4,-157.56,725.85,-11.79,694.34,55.82,663.89,-38.92,814.46,21.88,765.09,107.94,1024.78,125.91,675.19,84.42,963.53,54.82,925.68,27.35,514.47,17.66,Importador neto
Canada,CAN,América del Norte,68303.35,46650.31,28391.1,36831.86,24486.43,29235.65,7011.79,23429.36,1452.42,44823.0,25552.23,27279.62,64302.3,50352.28,120451.48,65141.28,70119.61,88688.59,20951.09,37739.09,29714.74,36341.41,38338.33,50094.72,49368.99,62248.45,67027.87,54464.63,64174.61,64979.8,59986.21,83913.84,34201.87,67605.97,25357.8,78187.79,42603.76,62760.3,48942.3,75907.73,29123.01,47429.18,60189.69,104729.23,50764.05,88867.72,44818.04,57726.17,Exportador neto
Chile,CHL,América del Sur,4860.02,3986.65,4199.76,1609.73,2549.92,343.15,3485.73,1819.48,4968.73,1951.09,5990.83,1997.4,4755.33,2027.08,10545.22,4361.17,18811.78,8462.66,12750.32,5805.71,14849.44,8560.9,26369.46,16891.62,31801.97,19934.99,21120.76,9323.0,25527.83,10079.87,17766.29,15851.13,11362.83,7875.85,5237.18,2534.94,7942.63,1846.6,13579.09,10345.08,11447.4,6398.29,15176.9,14573.04,18771.99,14054.69,12777.02,7418.87,Importador neto
China,CHN,Asia Sur-Este/Pacífico,42095.3,4612.0,47053.0,9696.0,53073.62,6284.05,57900.94,8456.08,68117.27,7972.6,104108.69,13729.57,124082.04,23932.2,156249.34,17154.8,171534.65,56742.28,131057.05,43889.99,243703.43,57953.6,280072.22,48420.64,241213.87,64963.39,290928.43,72970.88,268097.18,123129.55,242489.33,174390.68,174749.58,216424.46,166083.76,138292.77,235365.05,143026.58,187169.82,136910.0,253095.62,153720.81,344074.98,178797.74,190203.79,210050.16,177066.04,83109.6,Importador neto
Colombia,COL,América del Sur,2436.46,325.35,2541.94,16.12,2133.7,856.83,1720.49,937.69,3115.64,192.45,10235.42,4795.51,6750.63,1267.76,8885.76,1278.8,10564.16,3085.12,8034.75,3504.66,6429.99,5482.66,14647.05,8419.83,15039.98,-606.2,16210.42,7652.08,16168.7,3898.94,11620.53,4217.74,13857.94,4517.35,13700.88,3689.56,11298.69,5126.32,13989.15,3153.5,7458.62,1733.45,9561.34,3180.81,17182.23,3383.5,9721.06,3048.25,Importador neto
Congo,COG,África Subsahariana,-98.14,-260.6,-135.48,-206.88,200.1,-128.43,220.04,-102.09,88.56,101.64,801.31,287.53,1489.02,,1424.25,-45.32,1947.97,-92.13,1189.05,-89.9,1522.23,592.89,298.68,99.96,-69.25,220.43,1878.86,1282.77,2891.1,1250.95,4279.84,549.43,50.61,1197.75,4416.95,44.93,4315.25,13.61,-1427.68,422.55,-1983.18,-981.2,-320.21,9.97,532.26,24.91,1022.27,190.58,Importador neto
"Congo, Democratic Republic of the",COD,África Subsahariana,94.19,-1.8,102.22,0.9,187.6,21.99,391.25,23.43,409.03,7.57,180.0,13.4,256.1,18.4,1808.0,14.3,1726.8,54.1,-243.2,34.8,2742.3,7.2,1596.02,90.88,2891.61,420.53,1697.59,400.66,1499.57,343.6,1165.72,507.78,932.37,272.33,1047.98,292.22,1407.56,209.23,1350.99,133.92,1498.08,148.84,1677.67,192.36,1409.37,436.4,1122.99,158.39,Importador neto
Costa Rica,CRI,América Central/Caribe,723.43,107.39,621.85,68.42,723.17,132.34,774.39,152.29,1083.72,206.45,1528.79,149.6,1801.0,218.94,2241.49,429.62,2436.11,196.61,1614.61,274.3,1906.92,317.71,2733.27,405.05,2696.3,893.56,3205.38,803.93,3242.15,424.41,2955.52,414.21,2620.44,493.4,2924.91,272.81,3014.54,580.75,2719.03,23.89,2103.0,458.74,3592.8,446.62,3751.29,1000.04,2218.0,368.31,Importador neto
Croatia,HRV,Europa Occidental,1015.07,48.13,1036.76,127.64,980.78,569.0,1846.43,141.44,1314.18,383.06,1814.73,240.98,3346.61,268.64,4645.81,379.7,5249.62,1394.62,3069.6,1374.65,1545.05,446.19,1248.98,-60.4,1465.1,-87.17,953.91,-28.66,3187.74,2290.24,488.66,-85.03,1574.46,-683.46,1820.43,538.04,1645.99,334.94,3978.66,99.33,1471.75,441.88,5125.18,1180.63,3927.39,-399.04,2293.6,387.62,Importador neto
Cyprus,CYP,Europa Occidental,854.87,172.09,944.74,249.14,1103.45,548.05,908.15,589.68,1118.84,711.72,1161.97,547.62,1871.9,897.79,2294.64,1262.63,12403.67,17018.73,65815.36,64365.8,32320.29,32987.88,41942.44,49343.67,72602.03,78492.54,25898.13,33852.03,54154.89,63066.8,27319.65,38849.42,3331.07,-3011.22,42234.15,53928.04,79087.12,104945.12,113114.19,111301.12,-75646.45,-97795.93,6626.44,2361.94,53.89,-5428.07,22239.8,23880.72,Exportador neto
Czechia,CZE,Europa Occidental,4987.08,42.68,5640.71,164.68,8496.61,211.4,2021.28,207.98,6423.47,2483.18,13730.16,2101.32,7132.0,3089.34,13815.66,4851.92,8815.39,6557.76,5271.61,3320.09,10167.83,5249.37,4188.74,1596.19,9433.2,3252.57,7357.58,7737.56,8088.66,4074.23,1699.91,3726.15,10850.61,3139.2,11234.74,9400.27,8324.67,6079.92,10752.12,4776.3,8515.48,2087.3,12890.95,11544.91,9143.6,5672.52,8216.61,3972.47,Importador neto
Denmark,DNK,Europa Occidental,36013.3,28381.22,9286.4,13153.54,4430.7,2649.67,1184.83,856.29,-8804.17,-9929.93,12847.03,16968.4,2385.25,7999.48,11809.45,17332.23,2191.22,18745.89,3779.25,6170.84,-11501.1,-573.83,13558.89,13122.99,-16349.83,-10938.54,680.34,7008.34,6577.35,9919.61,1842.99,7485.33,7804.02,17898.46,3607.28,10143.19,8764.02,6329.89,-3801.73,5973.88,1294.05,9564.83,16997.29,36474.52,27627.36,29032.31,5748.88,10598.64,Exportador neto
Dominican Republic,DOM,América Central/Caribe,989.0,36.1,1087.9,8.8,926.0,9.2,616.53,3.54,934.48,25.44,1118.4,-4.3,1528.7,444.1,2252.9,585.5,2728.4,-141.6,1695.3,-470.1,1820.2,-203.5,2197.5,-79.2,3415.9,273.5,1599.9,-390.6,2385.3,176.8,2227.3,22.4,2516.1,109.4,3597.9,27.2,2744.5,209.2,2829.2,-191.8,2460.6,-99.0,3349.7,152.9,4050.0,-48.8,2133.55,19.79,Importador neto
Ecuador,ECU,América del Sur,-23.44,,538.57,,783.26,,871.51,,836.94,,493.41,,271.43,,193.87,,1057.4,,308.63,,165.89,,646.08,,567.42,,727.08,,772.39,,1322.7,,766.43,,632.32,,1390.16,,984.56,,1119.27,,651.13,,881.99,,693.87,,Importador neto
Egypt,EGY,Medio Oriente/Norte África,1235.0,51.0,509.9,12.4,646.9,27.8,237.4,20.7,1253.3,158.9,5375.6,92.0,10042.8,148.4,11578.1,664.8,9494.6,1920.2,6711.6,571.2,6385.6,1175.5,-482.7,625.5,2797.7,211.1,4192.2,301.0,4612.2,252.7,6925.2,181.7,8106.8,206.6,7408.7,199.0,8141.3,323.49,9010.1,405.03,5851.8,326.5,5122.3,367.0,11399.9,341.8,5502.45,373.23,Importador neto
El Salvador,SLV,América Central/Caribe,173.4,-5.0,278.9,-9.7,470.0,-25.7,141.2,18.6,363.27,-2.75,511.14,112.9,241.13,-26.3,1550.51,95.2,903.05,79.43,368.73,2.96,-113.16,112.4,122.5,-95.93,430.13,-35.89,245.18,66.07,506.3,199.85,494.54,98.19,479.47,131.62,503.8,-385.04,412.74,-413.3,696.29,60.52,386.53,383.76,800.44,427.07,26.24,-116.98,434.45,29.22,Importador neto
Equatorial Guinea,GNQ,África Subsahariana,154.5,,940.74,,323.39,,689.78,,340.91,,769.15,,469.51,,1242.73,,-793.87,,1636.22,,2734.0,,1975.0,,985.26,,582.95,,167.88,,1187.7,1.27,1755.3,27.66,384.83,-26.87,-144.47,-208.84,821.41,166.03,-9.07,16.5,561.6,225.18,1388.19,-0.69,789.72,25.03,Importador neto
Estonia,EST,Europa Occidental,416.21,,592.89,,338.23,,1038.24,,1086.89,,3057.56,,1758.17,,3033.15,,1977.26,,1866.3,,2592.26,,1119.15,,1787.34,,1097.94,,1781.65,,-715.47,,925.76,,1735.78,,1273.93,,3113.49,,3823.19,,7525.45,,1731.62,,1867.7,,Importador neto
France,FRA,Europa Occidental,41389.08,173596.18,50142.05,87372.94,51550.48,53002.43,42350.8,52593.71,35608.54,61122.15,85137.06,118797.43,78957.05,130439.63,83777.6,132227.0,67997.45,135999.23,18422.93,88718.45,38889.44,72560.53,44205.81,64483.37,32944.66,52014.78,33461.59,32376.65,5063.65,61614.03,43133.33,79264.33,35623.36,72821.47,43733.25,48707.39,77493.1,139910.74,53499.34,84684.03,19368.83,28736.73,98012.55,118214.78,112295.48,102991.9,51872.06,86619.56,Exportador neto
Gabon,GAB,África Subsahariana,278.06,346.02,-100.62,-7.77,1.16,-60.83,99.67,-79.21,313.97,-30.31,326.16,159.23,267.81,1.38,654.81,58.86,693.51,-128.1,635.67,243.5,523.94,377.14,1123.54,25.41,677.33,910.74,324.03,236.29,1263.11,480.14,41.71,16.45,1243.66,45.3,1314.03,-83.71,1379.07,-62.93,1553.14,-33.78,1716.51,,1529.22,,1104.59,,737.57,120.69,Importador neto
Gambia,GMB,África Subsahariana,43.52,,35.48,,42.83,,18.27,,55.53,,53.65,,82.21,,78.09,,70.79,,39.45,,37.14,-0.01,36.08,-58.26,41.18,-9.99,68.34,-4.84,23.01,-12.22,71.98,-2.25,69.83,-1.34,64.34,-6.66,81.81,-3.68,71.08,-1.63,189.58,-3.48,251.82,-3.39,231.49,2.0,76.41,-8.13,Importador neto
Georgia,GEO,Este Europa/Asia Central,131.47,3.4,109.87,4.09,160.4,4.28,334.89,4.09,492.73,9.97,453.11,-89.12,1171.39,-13.17,1892.09,201.27,1602.23,173.6,660.8,-24.5,920.92,190.43,1170.09,182.73,968.2,216.92,1046.56,127.29,1836.88,406.55,1735.31,315.7,1659.82,412.99,1930.38,209.28,1304.02,293.61,1397.88,311.62,557.17,-16.12,1290.23,347.33,2257.74,365.17,1090.62,158.15,Importador neto
Germany,DEU,Europa Occidental,248007.4,98172.1,56948.54,70242.09,51268.21,17202.72,65401.52,39300.84,-20408.42,9069.68,59835.2,88925.34,87444.16,147975.34,50847.18,140653.52,30954.74,98024.67,56701.92,99737.84,86037.5,146643.02,97535.4,107908.55,65443.09,99082.26,67199.69,93293.32,17356.72,105488.34,62418.99,119261.2,58132.71,116554.6,108786.5,148988.44,162250.94,212928.03,75463.44,171344.05,176781.02,144871.27,127609.83,214705.56,87215.41,150918.48,81705.73,114838.75,Exportador neto
Ghana,GHA,África Subsahariana,165.9,,89.32,9.55,58.93,-2.04,136.75,10.75,139.27,-0.98,144.97,,636.01,,1383.18,,2714.92,7.96,2372.54,6.9,2527.35,,3247.59,25.34,3294.52,1.09,3227.0,0.67,3363.39,6.4,3192.32,221.43,3485.33,14.66,3254.99,15.91,2989.03,80.85,3879.83,587.77,1875.78,542.41,2533.59,119.7,1428.41,-44.16,2006.13,89.12,Importador neto
Greece,GRC,Europa Occidental,-8.2,1008.47,2.0,-972.41,34.18,649.63,1408.09,451.51,2147.93,1071.33,688.48,1507.42,5411.4,4234.93,1957.12,5260.56,5733.45,3208.05,2766.3,2441.57,532.93,1696.66,1092.19,1818.56,1662.09,678.3,2945.27,-697.51,2697.34,3016.27,1268.94,1582.6,2698.54,-1763.34,3439.13,155.67,4025.45,519.56,4999.64,626.78,3303.65,648.3,6585.18,1366.84,8057.97,2622.43,2758.66,1353.57,Importador neto
Grenada,GRD,América Central/Caribe,57.49,0.08,89.57,-4.93,77.85,-3.22,99.09,0.48,126.37,0.01,81.61,0.24,102.72,4.07,165.22,-1.26,144.43,0.89,108.7,1.57,55.65,2.36,85.92,6.24,49.81,6.95,130.38,6.04,83.74,6.81,154.27,19.06,109.42,16.64,153.28,3.51,185.99,18.0,208.62,24.44,141.28,-22.66,152.22,-9.37,162.96,9.75,118.55,3.73,Importador neto
Guatemala,GTM,América Central/Caribe,-788.6,-1018.5,-936.49,-1392.02,-1017.0,-1127.61,19.49,-111.52,321.4,66.6,540.0,69.8,635.3,83.5,859.2,139.5,731.39,10.81,499.82,8.5,1102.46,494.48,876.76,-262.81,1399.82,173.58,1522.14,73.28,1407.56,19.81,1203.36,155.26,845.79,-119.24,998.34,64.33,922.4,142.26,1170.76,374.47,1004.37,221.75,3626.36,640.78,1450.07,730.25,799.77,-24.47,Importador neto
Guyana,GUY,América del Sur,67.1,2.0,56.0,0.2,43.6,0.14,26.1,,30.0,0.17,76.8,,102.4,,152.4,,178.0,,164.0,,198.0,,246.8,,277.91,,200.56,,237.75,,137.7,,58.0,26.0,212.24,0.01,1231.76,0.01,2690.33,16.9,1283.06,13.56,2236.5,14.9,-2996.95,4.68,300.44,7.14,Importador neto
Honduras,HND,América Central/Caribe,349.98,-25.18,309.83,8.38,287.31,18.65,390.17,-0.41,592.12,39.24,601.06,0.25,717.59,49.08,966.93,40.85,1200.8,193.45,494.5,-10.77,607.38,-363.2,1042.57,30.27,1081.35,230.39,1069.03,77.42,1704.79,389.97,1316.68,365.1,1147.03,246.96,949.96,-85.06,1442.59,547.4,955.1,459.49,236.02,-137.01,800.32,287.64,758.29,20.55,827.02,103.63,Importador neto
Hungary,HUN,Europa Occidental,2747.71,606.04,4058.82,520.29,3643.43,1172.91,4157.51,4149.19,4538.1,1649.5,27489.69,20063.83,18678.72,18319.02,70631.3,68278.8,74741.37,73644.65,-2986.08,-3744.45,-20952.69,-24702.02,10563.87,9093.27,10670.1,8003.07,-3730.08,-3764.59,12880.11,9231.48,-5469.73,-8142.39,69453.47,66656.43,-12371.76,-14470.14,-64648.35,-67941.25,98265.23,98257.02,167399.38,164491.24,33474.59,29522.61,-1917.37,-5923.23,21796.41,19346.58,Importador neto
Indonesia,IDN,Asia Sur-Este/Pacífico,-4550.36,,-2977.39,,145.09,,-596.92,,1896.08,3408.0,8336.26,3065.0,4914.2,2725.75,6928.48,4675.15,9318.45,5899.73,4877.37,2249.12,15292.01,4185.68,20564.94,9036.54,21200.78,7484.55,23281.74,11111.69,25120.73,10387.53,19779.13,9074.65,4541.71,-11594.2,20510.31,2008.27,18909.83,6399.22,24993.55,4462.48,19175.08,5032.6,21213.08,3926.73,24702.03,6634.82,12503.31,4745.96,Importador neto
Iraq,IRQ,Medio Oriente/Norte África,-0.03,,-6.66,,-0.33,,1000.0,,300.0,,515.3,88.7,383.0,305.0,971.8,7.9,1855.7,33.6,1598.3,71.9,1396.2,124.9,2082.0,366.0,3400.0,490.0,-2335.3,227.1,-10176.4,241.5,-7574.2,147.7,-6255.9,304.3,-5032.4,77.8,-4885.1,188.4,-3075.6,194.2,-2859.1,147.2,-2637.3,134.6,-2088.2,238.3,-1453.23,188.28,Exportador neto
Italy,ITA,Europa Occidental,13172.98,6492.04,14878.09,16369.48,17239.36,11504.64,19572.89,2144.41,20100.74,14313.05,36762.07,52296.83,56995.49,58960.99,65975.54,119993.33,-9501.58,67703.68,16607.2,18369.18,9930.5,30727.88,34465.48,51872.69,34.9,6796.75,19531.41,20275.67,17032.74,20476.26,13303.44,15424.32,25656.66,13659.64,8737.02,11814.16,44249.72,38655.97,35760.55,37444.37,-17050.4,4738.23,26253.86,58049.43,61897.76,47257.36,23113.32,31536.54,Exportador neto
Jordan,JOR,Medio Oriente/Norte África,913.26,8.6,273.63,31.59,238.22,13.82,546.97,-3.67,936.81,18.19,1984.49,163.19,3544.01,-138.08,2622.14,48.1,2826.74,12.82,2413.1,72.39,1688.39,28.45,1486.06,30.85,1548.45,5.41,1946.6,15.67,2178.45,83.38,1600.28,0.99,1552.96,3.24,2029.72,6.62,954.93,-7.61,729.72,43.38,760.28,26.34,621.83,15.92,962.54,121.97,1493.89,26.15,Importador neto
Kazakhstan,KAZ,Este Europa/Asia Central,1370.52,92.36,2816.82,-43.79,2588.49,424.66,2483.25,269.89,5615.26,179.11,2546.07,426.99,7611.17,921.77,11972.84,3942.32,16818.89,3704.15,14275.89,4192.59,7456.12,3790.88,13760.29,5177.65,13648.13,1792.28,10011.29,1976.91,7308.11,2633.54,6577.82,3316.38,17223.79,3474.58,4757.4,956.5,353.29,-4639.28,3730.86,-2173.57,7205.99,1330.55,4566.62,2665.17,5081.68,-2852.93,7381.76,1372.12,Importador neto
Kenya,KEN,África Subsahariana,110.9,0.01,5.3,0.01,27.62,7.42,81.74,2.08,46.06,4.42,21.21,9.69,50.67,23.96,729.04,36.03,95.59,43.77,116.26,45.99,178.06,1.58,1450.47,85.99,1380.17,238.37,1118.83,198.61,820.94,75.12,619.72,241.99,469.53,116.9,1346.09,109.91,767.76,-3.22,469.94,37.23,-5.4,381.75,419.72,803.33,791.58,541.18,483.12,130.53,Importador neto
"Korea, Republic of",KOR,Asia Sur-Este/Pacífico,11509.4,4842.1,6522.3,2743.5,5475.1,3437.2,7010.0,5018.8,13294.4,7195.6,13643.2,8330.0,9161.9,12563.1,8826.9,21831.0,11187.5,19536.5,9021.9,17400.5,9497.4,28221.6,9773.0,29647.7,9495.9,30598.7,12766.6,28317.8,9273.6,27998.5,4104.1,23687.1,12104.3,29889.5,17912.9,34069.4,12182.6,38220.4,9634.3,35239.0,8764.9,34832.4,22060.4,66000.6,25044.7,65799.0,11229.01,25018.26,Exportador neto
Kuwait,KWT,Medio Oriente/Norte África,16.3,-303.18,-111.52,-1913.71,3.62,-76.67,-67.11,-4959.88,23.75,2581.27,233.9,5141.78,121.31,8210.53,111.54,9784.18,-5.95,9090.56,1113.59,8581.82,1304.63,5889.84,3259.07,10772.93,2872.59,6741.31,1433.63,16648.0,485.81,13107.91,284.65,5439.62,292.03,6402.63,113.01,7038.17,-21.38,2971.77,515.62,4679.18,-558.06,3153.92,-272.34,-2240.96,752.26,24548.54,517.43,6143.02,Exportador neto
Kyrgyzstan,KGZ,Este Europa/Asia Central,-2.36,4.5,5.01,6.1,4.66,,45.54,,175.46,43.93,42.57,,182.02,,207.92,-1.02,376.99,-0.13,189.38,-0.27,472.77,17.62,685.76,-3.82,260.93,-16.13,612.02,-7.05,343.01,112.58,1144.05,134.96,619.22,40.25,-107.21,-29.07,144.22,4.95,403.87,67.21,-401.52,180.89,226.21,-334.52,54.85,-454.61,247.19,-12.3,Importador neto
Lao People's Democratic Republic,LAO,Asia Sur-Este/Pacífico,33.89,9.91,23.9,0.32,4.45,0.2,19.48,-0.03,16.92,1.11,27.72,-0.09,187.31,0.0,323.52,21.47,227.77,-16.93,318.6,2.51,278.81,33.45,300.74,0.36,617.76,-16.86,681.4,-28.57,867.65,7.06,1077.76,39.7,935.3,15.18,1686.29,9.7,1358.02,0.0,755.52,0.0,967.71,,1071.91,,726.27,0.01,543.86,3.74,Importador neto
Latvia,LVA,Europa Occidental,324.18,6.93,173.5,84.28,160.09,-46.73,316.65,85.87,591.59,85.05,809.86,225.74,1705.67,212.52,2713.41,769.4,1434.27,342.83,-150.02,-193.67,474.98,102.83,1519.52,107.83,1080.78,161.3,989.28,493.83,1045.11,694.14,812.84,144.05,335.42,245.36,1189.99,577.16,439.13,-314.17,1115.79,89.14,939.36,197.67,3734.09,2674.16,1217.39,-167.88,998.82,285.98,Importador neto
Lebanon,LBN,Medio Oriente/Norte África,993.48,137.92,1453.91,3.88,1335.97,0.21,2860.02,610.95,1898.78,827.05,2623.5,715.5,2674.53,874.65,3375.98,848.09,4333.05,986.58,4803.6,1125.77,4279.88,486.65,3137.05,936.65,3111.32,1030.19,2661.09,1975.7,2862.51,1240.71,2159.29,660.21,2568.49,1004.74,2522.41,1317.43,2658.0,631.22,1906.39,339.04,1606.89,28.91,599.79,-1338.78,526.84,66.15,2476.21,630.84,Importador neto
Libya,LBY,Medio Oriente/Norte África,141.0,98.0,-133.0,175.0,145.0,-136.0,143.0,63.0,357.0,286.0,1038.0,128.0,2064.0,474.0,4689.0,3932.8,4111.3,5888.2,1371.0,1165.0,1784.0,2722.0,,131.0,1425.0,2508.8,702.0,707.7,,-77.6,,394.9,,439.5,,-294.5,,275.6,,-268.5,,350.4,603.0,225.4,702.0,60.7,1276.15,836.93,Exportador neto
Lithuania,LTU,Europa Occidental,380.27,5.1,442.4,3.67,660.79,-33.99,217.4,75.41,879.54,297.82,1292.55,547.53,2259.38,520.02,2601.49,875.17,1727.29,554.78,-360.2,604.49,1102.7,106.83,1880.81,815.37,677.18,421.89,768.66,331.86,357.32,545.73,1036.95,356.64,1177.53,912.91,1383.73,450.9,1299.84,1039.71,3434.3,2161.38,4560.5,3929.07,2507.63,1270.09,2419.33,-803.07,1422.06,651.71,Importador neto
Madagascar,MDG,África Subsahariana,82.95,-0.92,93.06,1.12,14.66,,12.87,,52.91,,85.43,34.94,294.68,11.17,789.39,38.48,1134.5,44.6,1293.33,26.18,912.29,43.55,815.53,42.33,814.79,36.43,565.85,15.61,372.87,36.76,328.06,81.92,540.84,89.73,464.86,105.97,612.04,117.9,474.31,101.62,358.47,119.09,357.54,114.33,467.85,142.02,475.61,60.14,Importador neto
Malaysia,MYS,Asia Sur-Este/Pacífico,3787.63,2026.05,553.95,266.84,3192.89,1894.21,3218.95,2115.26,4376.05,1813.16,3924.79,2931.1,7690.73,7637.59,9071.37,11815.56,7572.51,15400.01,114.66,6740.79,10885.8,15349.41,15119.44,18108.4,8895.77,16896.88,11296.28,13408.21,10619.43,16059.87,9857.16,10541.97,13470.09,10097.32,9368.47,5608.38,8304.48,5765.33,9154.92,7527.95,4058.77,3295.99,20245.16,12784.98,15027.99,11811.33,8252.49,8691.16,Exportador neto
Malta,MLT,Europa Occidental,743.19,163.12,416.89,186.26,-497.8,-96.91,911.47,479.64,7469.04,5314.22,21801.42,10970.39,25035.39,14860.37,35591.48,14639.47,14837.77,16162.6,1444.87,-6101.37,9245.0,3329.54,7806.91,-4378.04,3323.6,-8253.59,510.06,-8770.51,155.88,-8714.05,3640.71,-6592.0,2776.03,-6634.88,42459.31,32117.34,73050.79,73202.91,32381.44,31178.87,31484.12,40453.09,85551.15,68811.76,21777.71,27311.75,18344.19,12593.04,Importador neto
Mauritius,MUS,África Subsahariana,265.64,12.95,-27.68,2.87,32.07,8.7,62.63,-6.02,13.89,31.79,41.78,46.96,106.76,9.59,340.76,59.57,377.72,52.43,256.68,37.84,429.94,128.69,433.33,157.81,589.02,180.37,293.37,167.89,455.56,141.13,216.46,99.66,378.76,28.29,480.0,89.23,460.51,98.41,444.08,57.71,224.67,16.09,260.54,67.93,545.91,128.68,290.54,70.37,Importador neto
Mexico,MEX,América del Norte,18382.28,,30060.02,4403.96,20160.11,-3036.49,18157.93,1161.42,25142.73,4559.07,25161.67,5834.84,22128.84,6675.75,31020.14,8332.03,29771.54,688.04,19652.9,11663.09,30534.44,17895.41,23894.81,11572.81,18231.6,18774.81,50929.78,18031.64,28438.49,5594.19,36251.27,10978.38,38902.37,7869.65,33138.67,3044.66,37867.13,12245.31,29948.99,6084.39,31546.86,5044.95,35617.2,-301.1,39206.37,17369.11,29310.7,7931.18,Importador neto
"Moldova, Republic of",MDA,Este Europa/Asia Central,127.54,0.08,103.44,0.12,84.05,0.45,73.75,0.11,151.01,3.22,190.7,-0.16,258.68,-0.72,536.02,12.12,726.61,31.23,263.96,-4.78,297.05,6.96,372.88,35.73,251.2,26.6,241.88,30.76,345.9,40.83,225.87,7.31,87.44,13.33,149.52,10.87,309.64,34.3,521.37,41.79,155.72,3.79,386.12,14.28,586.02,44.96,280.28,15.36,Importador neto
Mongolia,MNG,Este Europa/Asia Central,53.7,,63.0,,77.75,,131.54,,92.92,,187.62,2.3,245.46,54.4,372.76,12.75,844.7,6.24,623.61,53.81,1691.42,62.33,4571.16,94.56,4272.47,64.66,2059.7,40.99,337.77,107.08,94.32,11.41,-4156.4,14.47,1494.35,48.61,1951.53,27.93,2443.34,126.97,1719.12,25.97,2173.39,113.36,2504.29,75.86,1036.94,52.43,Importador neto
Montenegro,MNE,Europa Occidental,,,,,,,,,,,,,,,937.36,159.22,975.27,110.28,1550.29,45.81,758.25,27.13,556.66,17.99,618.13,27.85,446.46,17.65,496.99,27.88,699.86,12.39,226.7,-184.87,560.67,11.07,485.65,106.58,417.59,76.09,530.9,-4.78,693.74,10.71,872.56,51.56,676.69,32.03,Importador neto
Morocco,MAR,Medio Oriente/Norte África,426.55,58.52,2824.56,97.05,480.36,28.33,2312.83,12.61,893.33,30.92,1670.61,74.12,2460.79,450.87,2825.8,631.98,2466.29,315.93,1970.32,479.02,1240.63,579.98,2521.36,248.02,2841.95,359.56,3360.91,444.7,3525.38,431.22,3252.91,656.59,2153.36,579.11,2680.11,1012.16,3544.39,780.87,1720.83,893.14,1418.71,459.3,2264.15,642.76,2294.36,639.46,2223.93,430.71,Importador neto
Mozambique,MOZ,África Subsahariana,139.3,,255.44,,347.25,-0.4,336.7,,475.51,,122.41,14.56,251.14,138.14,416.69,17.38,641.4,49.75,930.1,34.51,1258.45,237.86,3663.94,83.59,5635.09,8.85,6697.42,522.3,4998.8,97.01,3868.35,1.52,3128.15,34.72,2319.07,25.98,1678.06,-25.3,3379.33,-30.89,3187.94,153.38,5295.4,193.73,3022.18,563.72,2262.96,111.6,Importador neto
Myanmar,MMR,Asia Sur-Este/Pacífico,254.79,,208.3,,150.51,,248.88,,211.36,,234.9,,275.81,,709.92,,863.88,,1078.97,,901.13,,2519.81,,1333.86,,2254.6,,2175.02,,4083.84,,3278.1,,4804.27,,1768.2,,1735.59,,1907.15,,2066.61,,1238.5,,1491.48,,Importador neto
Nepal,NPL,Asia Sur-Este/Pacífico,-0.48,,20.85,,-5.95,,14.78,,-0.42,,2.45,,-6.65,,5.74,,1.0,,38.27,,87.74,,94.02,,91.95,,74.18,,30.4,,51.9,,106.0,,196.27,,68.26,,185.56,,126.63,,196.33,,66.06,,62.82,,Importador neto
Netherlands,NLD,Europa Occidental,63109.73,74513.3,51998.92,50779.9,25485.04,31791.84,20456.44,44672.55,139920.69,151496.91,209888.83,266586.39,375506.01,523660.12,733826.5,596418.05,195530.11,272589.49,203201.5,304870.13,55216.22,169110.48,356497.88,385325.8,261353.75,321836.37,324371.07,402249.47,144140.81,172589.14,376007.77,407600.42,277348.12,388143.59,201143.11,212624.27,-285034.72,-268964.83,-127784.85,-121741.29,-220886.48,-242100.99,-115702.95,68651.56,15457.6,173973.29,142654.4,190725.04,Exportador neto
Nicaragua,NIC,América Central/Caribe,266.5,,150.2,,203.9,,201.3,,250.0,,241.1,,286.8,21.0,381.7,15.3,627.3,18.9,433.9,-29.1,489.9,15.1,936.3,7.7,775.7,63.4,965.1,150.1,1076.8,94.0,967.0,45.0,989.1,65.3,1035.4,64.5,837.6,75.1,503.0,59.1,746.5,39.5,1047.2,14.52,1287.1,19.35,639.1,43.46,Importador neto
Nigeria,NGA,África Subsahariana,1140.17,168.94,1190.62,93.88,1874.07,172.16,2005.35,167.32,1874.06,-260.76,4982.53,14.64,4854.35,319.62,6036.02,867.68,8194.07,1051.27,8555.99,1525.34,6026.25,911.72,8841.06,816.76,7069.91,1530.12,5562.86,1227.43,4693.83,1614.29,3064.17,1435.2,3453.26,335.46,2412.97,310.83,775.25,565.57,2305.1,285.32,2385.28,1473.33,3313.21,1817.91,-186.79,-67.06,3931.46,712.04,Importador neto
North Macedonia,MKD,Europa Occidental,217.51,1.85,469.57,23.31,114.19,8.72,119.04,1.58,309.14,-12.73,145.33,51.1,427.44,3.48,733.47,33.32,611.69,11.19,259.53,74.0,301.44,94.58,507.92,34.01,337.91,172.41,402.46,97.48,60.88,-200.51,296.6,66.29,549.37,200.01,380.74,182.2,648.73,-64.53,549.5,145.53,7.69,-165.22,696.26,243.03,854.15,170.33,391.33,50.93,Importador neto
Norway,NOR,Europa Occidental,8332.06,10802.97,3190.22,1930.43,3011.75,7739.95,4179.38,6681.89,4918.49,7624.82,10058.76,31735.03,11877.92,18521.6,24806.09,22925.01,20578.22,36326.09,8635.76,9968.1,21634.27,29942.04,10296.32,12996.19,27897.97,27362.52,-1368.61,12572.77,3242.24,22292.83,7274.09,21424.96,-18668.57,6261.33,5900.6,698.7,-5664.32,13831.62,16329.82,7665.5,-3281.32,-8309.04,18355.01,31107.19,14278.13,27820.28,8513.66,15648.82,Exportador neto
Oman,OMN,Medio Oriente/Norte África,82.0,,5.2,,109.23,2.6,24.97,88.43,111.05,41.61,1538.36,233.55,1596.1,274.64,3332.12,-37.19,2951.89,584.4,1509.23,73.34,1242.65,1498.31,1629.14,1222.89,1364.63,885.05,1612.43,933.68,1286.35,1356.31,-2172.43,334.98,2266.07,356.59,2878.54,2423.67,5600.78,130.82,1998.18,-585.7,1909.49,-837.19,8745.64,1180.75,6871.78,-304.81,2021.45,469.37,Importador neto
Pakistan,PAK,Asia Sur-Este/Pacífico,308.0,11.0,378.0,26.0,826.0,31.0,534.0,19.0,1118.0,56.0,2201.0,45.0,4273.0,109.0,5590.0,98.0,5438.0,49.0,2338.0,71.0,2022.0,47.0,1326.0,62.0,859.0,77.0,1333.0,212.0,1887.0,122.0,1673.0,25.0,2576.0,52.0,2496.0,52.0,1737.0,-21.0,2234.0,-85.0,2057.0,-45.0,2147.0,242.0,1462.0,1157.0,2035.35,104.87,Importador neto
Panama,PAN,América Central/Caribe,827.8,203.9,606.8,139.7,247.1,148.5,1050.6,233.1,1277.9,258.8,1104.4,186.8,2944.3,397.0,2224.0,325.4,2390.0,243.3,1085.5,-173.8,2549.1,142.6,4395.6,1418.6,3381.9,-103.0,3799.0,562.7,4984.4,854.8,5119.3,1147.2,5248.35,691.13,4082.06,-338.16,4304.25,441.16,4684.62,735.05,-1631.8,-3040.46,1833.06,-164.9,2466.52,187.5,2564.12,195.52,Importador neto
Papua New Guinea,PNG,Asia Sur-Este/Pacífico,,0.56,,0.64,,1.0,,49.48,,2.32,,8.22,,117.7,,37.91,,78.03,,6.5,,7.06,,314.22,,92.81,,9.02,,59.23,,-8.63,,292.3,,368.66,,575.48,,1215.22,,996.76,,1611.45,,2456.54,,360.54,Exportador neto
Paraguay,PRY,América del Sur,107.8,9.9,99.2,29.5,90.4,84.5,-57.7,-82.6,93.98,66.3,7.3,-28.2,187.8,73.6,105.0,-97.3,451.7,45.88,192.41,66.72,752.87,262.2,661.2,99.22,868.97,-219.32,435.97,750.41,1014.91,954.29,805.16,513.21,819.35,586.26,759.2,467.26,316.76,-338.16,485.53,293.9,289.38,112.4,584.06,423.06,855.19,346.9,431.58,192.17,Importador neto
Peru,PER,América del Sur,809.7,,1144.26,74.4,2155.84,,1335.01,60.0,1599.04,,2578.72,,3466.53,,5490.96,65.58,6923.65,735.8,6430.65,410.71,8454.63,436.27,7682.26,342.59,14182.39,2308.38,9570.62,236.94,4262.75,836.95,7336.86,-662.76,6805.25,1526.24,7413.41,1421.52,5872.66,-790.09,4775.38,-500.26,663.42,1880.24,7142.28,1968.92,11201.44,-587.3,5534.68,542.45,Importador neto
Philippines,PHL,Asia Sur-Este/Pacífico,1487.0,-628.0,760.0,425.0,1769.0,292.0,492.0,304.0,592.0,483.0,1664.0,794.12,2707.41,1068.31,2918.72,5372.67,1340.03,1970.03,2064.62,1897.13,1070.39,2712.17,2007.15,2349.64,3215.42,4173.22,3737.37,3646.95,5739.57,6753.92,5639.16,5539.51,8279.55,2396.73,10256.44,3304.73,9948.6,4115.7,8671.37,3350.94,6822.13,3562.03,11983.36,2251.12,9492.23,3861.28,4463.37,2608.53,Importador neto
Poland,POL,Europa Occidental,9335.0,8.0,5677.0,-127.0,4091.0,190.0,5371.0,1087.0,13868.0,2139.0,11041.0,4134.0,21473.0,10803.0,25031.0,7586.0,14574.0,4666.0,14025.0,5931.0,18861.0,9638.0,18851.0,4781.0,7616.0,1619.0,1342.0,-3098.0,20877.0,6768.0,15820.0,5067.0,18060.0,14001.0,12565.0,3934.0,19908.0,2438.0,19012.0,5369.0,20086.0,5073.0,37512.0,10220.0,41780.0,12603.0,16381.57,4992.61,Importador neto
Portugal,PRT,Europa Occidental,7292.58,8780.54,6113.79,6838.4,587.89,-1379.73,10354.68,9024.85,2485.16,8186.2,3367.94,2735.79,13394.5,8852.28,6014.64,10559.06,7820.64,5578.7,5752.97,3647.43,8998.32,-3467.41,10397.47,15886.62,15623.88,4586.37,14590.19,7285.34,12512.85,3663.26,1264.34,-906.48,7350.31,3706.62,11088.24,2910.19,8390.56,1682.28,10814.57,1626.87,4165.62,-2388.21,9239.42,14.22,13059.93,5425.95,8290.46,4471.7,Importador neto
Qatar,QAT,Medio Oriente/Norte África,251.6,17.75,295.52,17.21,623.92,-21.04,624.92,88.17,1198.97,437.92,2500.0,351.91,3500.0,127.43,4700.0,5160.25,3778.63,3657.77,8124.74,3214.57,4670.33,1863.17,938.52,10108.53,395.88,1840.11,-840.38,8021.43,1040.38,6748.35,1070.88,4023.35,773.9,7901.92,985.99,1694.78,-2186.26,3522.8,-2812.64,4450.27,-2434.07,2729.95,-1093.41,159.89,76.1,2383.79,1138.41,2978.27,Exportador neto
Romania,ROU,Europa Occidental,1037.0,-11.0,1157.0,-17.0,1144.0,16.0,1844.0,39.0,6443.0,70.0,6498.65,330.39,11006.61,501.59,10103.09,666.07,13667.82,313.0,4637.68,13.53,3213.74,235.6,2370.1,56.83,3047.57,-207.45,3854.82,-60.53,3869.2,269.21,4317.73,1030.28,6252.04,1255.76,5952.91,386.33,7343.56,1503.44,7365.44,1923.63,3602.42,198.63,11768.73,1339.05,11477.51,2174.53,5738.03,522.91,Importador neto
Rwanda,RWA,África Subsahariana,8.1,,18.5,,1.5,,4.7,,7.7,,7.96,,30.64,,82.28,12.95,102.29,,118.67,,216.19,,112.13,,269.62,,233.76,,314.0,3.79,162.08,3.45,279.75,47.76,274.03,15.69,366.19,17.96,263.17,5.43,152.61,0.0,233.38,0.0,305.1,0.0,154.97,10.7,Importador neto
Saudi Arabia,SAU,Medio Oriente/Norte África,-1881.07,1550.0,19.64,45.63,-614.13,2020.03,-586.51,473.0,-334.32,78.73,4385.46,-349.87,5975.89,-38.56,6175.32,-134.83,5505.98,3497.62,436.35,2177.27,4878.89,3906.85,4683.86,3429.92,5035.06,4401.55,3371.41,4943.29,1509.06,5395.99,3970.64,5389.93,21954.83,9261.96,1014.06,8173.47,12141.12,19252.33,3079.22,14552.87,1621.26,5410.92,28350.37,24673.89,26710.06,26531.36,5974.02,6288.84,Exportador neto
Senegal,SEN,África Subsahariana,81.64,19.2,45.08,6.07,82.69,38.45,86.5,36.55,137.58,73.5,167.94,115.6,289.84,79.23,351.46,78.37,455.74,183.27,331.47,87.58,272.09,7.96,338.66,47.52,276.16,55.99,311.37,33.33,403.1,27.46,409.17,31.36,472.41,223.86,588.29,82.42,847.84,52.81,1065.46,71.06,1845.67,99.19,2588.13,51.68,2928.68,70.11,625.09,68.37,Importador neto
Serbia,SRB,Europa Occidental,,,,,,,,,,,,,,,,940.56,,328.5,,46.93,,192.61,,309.8,,327.21,,331.83,,350.72,,344.28,,252.38,,149.51,,358.1,,295.78,,116.5,,271.82,,112.14,,295.54,Exportador neto
Sierra Leone,SLE,África Subsahariana,39.0,,9.84,,10.41,,8.62,,61.15,,90.73,-7.55,58.87,0.1,95.47,-1.11,53.1,-4.53,110.43,-0.42,238.4,-0.03,950.48,,722.45,,429.66,,375.09,,252.44,,138.52,,413.72,,185.65,,121.78,,51.0,,214.0,,145.0,,207.64,-2.26,Importador neto
Slovakia,SVK,Europa Occidental,2183.12,152.15,1532.58,24.53,4212.44,111.5,969.2,433.51,4063.5,4.12,3923.51,1014.26,5701.44,499.05,5058.23,1643.54,4640.89,523.85,1521.08,2493.71,2115.83,1239.74,5431.59,2697.97,1776.57,-1232.21,1003.9,1276.73,-362.92,279.21,1520.38,1418.29,4768.26,4072.8,4222.91,1498.86,2252.38,957.95,2279.81,-170.91,-1141.7,1624.89,2719.67,1207.2,4827.08,2046.04,2835.64,1035.51,Importador neto
Slovenia,SVN,Europa Occidental,135.8,65.3,501.2,130.5,1849.8,341.5,535.6,709.9,763.1,481.6,970.8,1059.3,692.02,906.52,1884.51,2215.83,1080.74,1332.24,-346.97,340.0,319.14,199.55,875.95,-14.02,33.54,-566.21,104.02,32.08,1019.38,212.67,1730.15,325.79,1446.27,477.58,1196.23,631.07,1538.14,448.9,2151.54,1294.6,506.27,826.86,2219.25,1694.01,2180.39,831.42,1016.82,607.7,Importador neto
South Africa,ZAF,África Subsahariana,968.83,277.18,7270.34,-3514.73,1479.8,-402.26,783.14,552.54,701.42,1305.42,6522.1,909.41,623.29,5928.8,6586.79,2982.11,9885.0,-2119.58,7624.49,1311.3,3693.27,-161.29,4139.29,-153.4,4626.03,2898.87,8232.52,6519.87,5791.66,7692.08,1521.14,5514.93,2215.31,4490.48,2058.58,7449.22,5569.46,4026.96,5116.1,3140.94,3153.55,-1935.86,40658.79,101.58,9238.99,2374.63,6020.0,2138.66,Importador neto
Spain,ESP,Europa Occidental,40723.54,59482.26,29016.73,33923.91,39314.61,33166.27,31005.89,33881.94,25642.93,62193.67,28282.65,45966.18,35455.66,107525.82,70291.85,145419.63,71347.12,72737.85,7562.36,13447.92,35969.02,41448.08,25874.48,42663.12,19250.4,-3002.02,47143.33,33041.92,31972.29,46706.64,23777.33,58214.51,44962.67,60378.95,33577.74,48915.08,63958.43,42250.4,30322.87,40796.6,37683.1,56285.1,64626.9,51233.4,67459.8,68723.58,39357.47,51973.95,Exportador neto
Sri Lanka,LKA,Asia Sur-Este/Pacífico,172.94,2.0,171.79,0.0,196.5,11.45,228.72,27.31,232.8,5.79,272.4,38.4,479.7,29.3,603.0,55.0,752.2,61.7,404.0,20.0,477.56,42.5,955.92,60.0,941.12,63.93,932.55,65.07,893.63,66.82,679.66,52.99,897.05,236.81,1372.72,71.79,1614.04,67.86,743.47,77.36,434.08,14.54,592.29,17.44,884.15,15.13,649.23,47.96,Importador neto
Sudan,SDN,África Subsahariana,392.2,,574.0,,713.18,,1349.19,,1511.07,,1561.69,,1841.83,,1504.38,,1653.12,,1726.3,,2063.73,,1734.38,,2311.46,,1687.88,,1251.28,,1728.37,,1063.77,,1065.3,,1135.79,,825.35,,716.94,,522.87,54.24,573.5,,1282.94,54.24,Importador neto
Sweden,SWE,Europa Occidental,22817.84,40232.72,18217.81,14787.05,18381.65,16666.79,6007.68,22342.65,16854.65,28183.81,20782.69,38277.39,22052.66,21602.86,46143.51,55891.33,41436.55,34764.6,8960.87,26474.83,625.1,22122.82,6979.35,23774.0,4273.53,17495.19,1487.75,28050.2,-6039.79,-1660.75,9777.57,14269.16,15470.46,-17.33,24305.21,38618.26,-714.15,13459.64,15692.85,21878.24,18307.77,22230.63,57981.12,63315.32,53782.29,63335.81,18416.74,27221.53,Exportador neto
Switzerland,CHE,Europa Occidental,23080.88,47305.93,9765.01,18748.52,8258.05,10057.24,19721.05,17924.23,7102.29,31313.91,2664.91,54033.81,53760.77,85323.49,48688.3,67278.84,2990.94,30284.13,47658.57,44704.12,17670.74,74105.21,20764.48,43331.82,39943.49,54298.78,-24926.47,12546.54,21003.09,11454.45,120722.43,125551.93,170848.65,184198.93,146779.21,55204.06,-161796.24,-27154.95,22355.12,62688.4,-238563.81,-111192.29,-120778.44,-93481.58,-12414.05,-30932.33,9795.61,33373.62,Exportador neto
Tajikistan,TJK,Este Europa/Asia Central,23.54,,9.5,,36.07,,31.65,,272.03,,54.48,,338.63,,359.97,,486.61,,149.06,,93.94,,145.88,,241.74,,283.14,,326.59,,454.01,,241.62,35.09,185.83,122.72,220.86,-28.29,212.81,23.21,106.53,70.33,84.04,47.7,174.02,11.98,197.07,40.39,Importador neto
"Tanzania, United Republic of",TZA,África Subsahariana,463.4,,549.27,0.76,395.57,0.24,318.4,2.26,442.54,,935.52,,403.04,,581.51,,1383.26,,952.63,,1813.2,,1229.36,,1799.65,,2087.26,,1416.09,,1506.02,,864.04,,937.7,,971.58,,1217.24,,943.77,,1190.51,,1437.58,,1036.48,1.09,Importador neto
Trinidad and Tobago,TTO,América Central/Caribe,679.5,25.2,834.9,150.0,1007.8,106.4,808.3,225.2,998.1,25.4,939.7,341.0,882.7,370.0,830.0,0.0,2800.8,700.0,709.1,,549.4,,41.05,67.21,-1904.35,189.42,-1129.97,62.5,661.41,-17.71,176.83,128.34,-23.6,-25.34,-470.88,-12.04,-700.19,65.04,183.97,114.16,1055.97,98.01,-934.78,769.45,1172.47,1354.07,398.62,225.54,Importador neto
Tunisia,TUN,Medio Oriente/Norte África,750.72,26.99,451.51,5.56,790.3,6.33,539.48,5.43,592.15,4.01,712.71,12.33,3239.91,33.06,1515.35,20.29,2600.67,42.2,1525.24,77.02,1334.5,74.05,432.67,21.31,1554.27,13.45,1058.62,21.54,1024.75,21.79,970.52,31.1,622.57,241.62,810.94,57.45,991.39,14.68,815.01,5.05,623.08,30.89,547.41,16.0,643.21,33.55,1049.87,35.47,Importador neto
Turkmenistan,TKM,Este Europa/Asia Central,131.0,,170.0,,276.0,,226.0,,353.7,,418.2,,730.9,,856.0,,1277.0,,4553.0,,3632.3,,3391.07,,3129.61,,2861.42,,3830.13,,3042.97,,2243.16,,2085.94,,1606.64,,1853.63,,1436.24,,1287.33,,936.04,,1753.4,,Importador neto
Türkiye,TUR,Europa Occidental,982.0,870.0,3352.0,497.0,1082.0,143.0,1702.0,480.0,2785.0,780.0,10031.0,1064.0,20185.0,924.0,22047.0,2106.0,19851.0,2549.0,8585.0,1553.0,9099.0,1482.0,16182.0,2370.0,13744.0,4106.0,13563.0,3636.0,13337.0,7050.0,19263.0,5096.0,13835.0,3138.0,11190.0,2703.0,12450.0,3605.0,9507.0,3011.0,7522.0,3251.0,12674.0,6450.0,13784.0,4934.0,11163.13,2686.87,Importador neto
Uganda,UGA,África Subsahariana,160.7,,151.5,,184.65,,202.19,,295.42,,379.81,,644.26,,792.31,,728.86,,841.57,28.85,543.87,37.21,894.29,-11.85,1205.39,46.34,1096.0,44.38,1058.56,27.02,737.65,0.28,625.7,0.15,802.7,0.3,1055.35,0.32,1303.01,0.32,1191.49,0.33,1648.24,0.35,2952.94,0.36,847.67,12.45,Importador neto
Ukraine,UKR,Este Europa/Asia Central,595.0,1.0,792.0,23.0,693.0,-5.0,1424.0,13.0,1715.0,4.0,7808.0,275.0,5604.0,-133.0,10193.0,975.0,10700.0,797.0,4769.0,115.0,6451.0,692.0,7207.0,192.0,8175.0,980.0,4509.0,430.0,847.0,548.0,-198.0,38.0,4128.0,173.0,3680.0,234.0,4975.0,116.0,5796.0,621.0,304.0,362.0,7954.0,436.0,221.0,34.0,4275.74,300.91,Importador neto
United Arab Emirates,ARE,Medio Oriente/Norte África,-506.33,423.67,1183.84,213.7,95.3,441.12,4255.96,991.15,10003.5,2208.0,10899.93,3750.3,12805.99,10891.76,14186.52,14567.73,5062.97,15820.3,1134.29,2722.9,8796.77,2015.0,7152.1,2178.0,9566.65,2536.01,9764.91,8828.34,11071.54,11735.9,8550.9,16691.6,9604.77,15711.4,10354.22,14059.95,10385.29,15079.29,17874.66,21226.16,19884.47,18937.33,20667.12,22545.95,22736.56,24833.22,9805.74,9930.82,Exportador neto
United States of America,USA,América del Norte,349125.0,186370.0,172496.0,146041.0,111055.0,178985.0,117106.0,195218.0,213641.0,374004.0,142344.0,52591.0,298463.0,283801.0,346613.0,523890.0,341092.0,343583.0,161083.0,312597.0,264039.0,349828.0,263497.0,436616.0,250345.0,377240.0,288131.0,392796.0,251856.0,387529.0,511434.0,302071.0,474388.0,299815.0,380823.0,409413.0,214715.0,-130720.0,315984.0,114927.0,137066.0,282331.0,477956.0,342151.0,416890.0,388847.0,282614.87,284779.3,Exportador neto
Uruguay,URY,América del Sur,262.82,-4.98,310.4,19.77,179.85,-0.16,402.72,1.39,352.71,38.06,826.63,15.49,1508.35,13.83,1358.74,118.66,2141.97,25.37,1602.59,90.41,2191.07,-157.71,2690.09,179.2,6394.07,4153.84,986.93,-2058.21,4085.23,1837.96,2673.04,1898.34,-515.65,1307.76,2686.51,4723.85,1726.55,2455.79,1466.6,104.17,973.45,-120.39,5165.28,2619.52,8810.43,5931.63,2099.15,1008.42,Importador neto
Uzbekistan,UZB,Este Europa/Asia Central,,,,,,,,,,,,2.55,,2.15,,2.29,,2.57,,4.32,,2.95,,3.64,,3.09,,4.32,,4.43,,4.57,,5.82,,8.16,,1.8,,3.35,,11.31,,2.52,,4.08,,4.11,Exportador neto
"Venezuela, Bolivarian Republic of",VEN,América del Sur,4703.0,523.0,3704.0,225.0,761.0,1005.0,1573.0,851.0,1489.0,625.0,2450.0,1028.0,198.0,2230.0,4358.0,575.0,2083.0,767.0,-1137.0,2476.0,1583.0,2501.0,5855.0,-255.0,4986.0,3307.0,2145.0,217.0,1135.0,4536.0,2956.0,2586.0,1587.0,1560.0,-299.0,2328.0,622.0,2051.0,564.0,-163.0,1504.0,1469.0,1213.0,2416.0,2349.0,2250.0,2016.61,1526.43,Importador neto
Viet Nam,VNM,Asia Sur-Este/Pacífico,1298.0,,1300.0,,1400.0,,1450.0,,1610.0,,1954.0,65.0,2400.0,85.0,6700.0,184.0,9579.0,300.0,7600.0,700.0,8000.0,900.0,7430.0,950.0,8368.0,1200.0,8900.0,1956.0,9200.0,1150.0,11800.0,1100.0,12600.0,1000.0,14100.0,480.0,15500.0,598.0,16120.0,485.0,15800.0,380.0,15660.0,319.0,17900.0,2674.0,8550.83,807.0,Importador neto
Yemen,YEM,Medio Oriente/Norte África,6.4,-8.56,155.14,14.61,114.3,28.09,-89.11,48.9,143.58,21.55,-302.06,23.64,1120.97,9.25,917.3,39.49,1554.63,229.86,129.2,71.88,188.64,71.26,-517.84,57.85,-14.24,8.52,-133.57,5.39,-233.1,11.59,-15.44,4.43,-561.0,0.79,-269.85,5.6,-282.1,3.61,-370.98,3.33,,,,,,,77.04,32.55,Importador neto
Zimbabwe,ZWE,África Subsahariana,23.2,7.5,3.8,4.1,25.9,3.2,3.8,0.2,8.7,0.0,102.8,1.1,40.0,0.01,68.9,3.1,51.6,8.0,105.0,,122.59,43.3,344.3,42.7,349.85,49.0,373.05,27.0,472.8,72.0,399.2,22.0,343.01,32.0,307.19,0.93,413.86,-9.31,249.67,-11.31,150.46,-3.5,237.48,2.5,336.76,58.3,197.13,16.04,Importador neto
United Kingdom,GBR,Europa Occidental,164130.34,292046.71,56090.92,77411.94,89760.58,120902.0,36011.24,82080.88,87059.62,128639.69,252653.4,159910.44,203636.43,142254.95,209514.96,370395.28,253454.12,356696.27,14547.11,-48397.91,66734.55,54407.45,27012.05,80833.6,46750.79,12023.54,54473.18,46250.91,58890.45,-113915.35,45333.48,-60177.02,324813.22,32908.27,125358.81,172043.89,-25055.44,-28632.13,19790.76,-21498.3,157185.56,16388.42,102431.56,133310.22,92776.36,143625.94,107102.35,93456.94,Importador neto
Luxembourg,LUX,Europa Occidental,,,,,4243.17,10217.47,4291.11,850.7,5179.64,6773.19,4644.77,8211.02,32219.53,10035.03,-29679.43,71293.67,7117.11,11506.16,27255.15,8268.31,39128.53,23252.72,8843.16,10715.8,2824.13,-13397.25,23299.02,46620.63,20060.31,43420.62,45432.15,31919.45,17580.97,-1240.84,-27369.78,15019.04,-83336.48,21857.12,163717.6,176767.31,-3358.06,103045.55,24809.16,104480.93,-316383.12,-192435.11,-1403.87,23675.31,Exportador neto
Barbados,BRB,América Central/Caribe,73.7,22.83,91.5,25.58,228.34,24.98,184.7,25.03,228.33,53.56,390.06,156.88,342.27,44.45,476.4,82.24,615.12,73.43,356.01,127.83,425.34,324.13,459.55,560.21,528.05,39.9,104.09,26.3,753.69,-67.6,688.53,322.2,557.5,94.66,91.48,-116.35,241.6,9.2,215.37,27.83,262.1,7.5,238.74,17.66,200.0,15.0,337.06,82.5,Importador neto
Israel,ISR,Medio Oriente/Norte África,8047.5,3335.3,1771.3,687.3,1582.5,980.8,3322.0,2085.7,2946.9,4540.9,4818.4,2945.3,14395.5,15437.9,8798.1,8604.5,10274.2,7209.2,4606.9,1751.1,6984.7,7943.4,8653.0,7400.9,9017.3,2275.6,11842.2,3858.2,6048.9,4525.5,11336.2,10968.4,11988.0,14578.4,16892.5,7623.9,21514.5,6086.6,17362.5,8689.1,20968.7,4578.9,18949.9,10369.2,22883.5,10955.3,10652.4,6410.06,Importador neto
